winner,losser,probability
Memphis Grizzlies,Utah Jazz,0.5179159069390262
Los Angeles Clippers,Brooklyn Nets,0.8892854341269624
Cleveland Cavaliers,Toronto Raptors,0.6112655053422317
Atlanta Hawks,Miami Heat,0.5324806414494176
Charlotte Hornets,Minnesota Timberwolves,0.7269387666170091
Portland Trail Blazers,Chicago Bulls,0.6464361799451483
Brooklyn Nets,Los Angeles Lakers,0.6754130632056068
Cleveland Cavaliers,Indiana Pacers,0.7189567426132353
Orlando Magic,New Orleans Pelicans,0.6877311313880821
Washington Wizards,Philadelphia 76ers,0.9174108541222228
Atlanta Hawks,Milwaukee Bucks,0.6360820907828919
Boston Celtics,Dallas Mavericks,0.7126557137399206
Detroit Pistons,New York Knicks,0.639552155809818
Oklahoma City Thunder,Houston Rockets,0.7118589485858028
Golden State Warriors,Toronto Raptors,0.7726895617243313
Denver Nuggets,Phoenix Suns,0.7950719161923885
Los Angeles Clippers,Memphis Grizzlies,0.7350554476902108
San Antonio Spurs,Sacramento Kings,0.9128778011852913
Washington Wizards,New York Knicks,0.7014186491101136
Miami Heat,Milwaukee Bucks,0.6371119307132258
Portland Trail Blazers,Houston Rockets,0.6057145545686808
Minnesota Timberwolves,Philadelphia 76ers,0.8929419486812092
Chicago Bulls,Utah Jazz,0.5120792637322182
Charlotte Hornets,Atlanta Hawks,0.5518995418149847
Indiana Pacers,Phoenix Suns,0.8694325754446569
Cleveland Cavaliers,Detroit Pistons,0.6961025050998895
Golden State Warriors,Boston Celtics,0.8296124548823296
Portland Trail Blazers,New Orleans Pelicans,0.5384538409437196
Oklahoma City Thunder,Brooklyn Nets,0.9051797306316518
Dallas Mavericks,Memphis Grizzlies,0.5774184459791877
Toronto Raptors,Denver Nuggets,0.757545984844918
San Antonio Spurs,Los Angeles Lakers,0.9714621993123895
Los Angeles Clippers,Sacramento Kings,0.8198306404596876
Utah Jazz,Houston Rockets,0.5326724999330935
Boston Celtics,Detroit Pistons,0.673876894020965
Charlotte Hornets,New Orleans Pelicans,0.5418457320766905
Orlando Magic,Dallas Mavericks,0.6194124598080856
Miami Heat,Washington Wizards,0.5833645590878404
Phoenix Suns,Philadelphia 76ers,0.6729957223268097
Memphis Grizzlies,Minnesota Timberwolves,0.8306561286756304
Golden State Warriors,Milwaukee Bucks,0.9249572310382888
Los Angeles Clippers,Chicago Bulls,0.7395812492335957
Atlanta Hawks,New York Knicks,0.6678893109258999
Portland Trail Blazers,Brooklyn Nets,0.7780585421211942
Oklahoma City Thunder,Indiana Pacers,0.7298864246772352
